{
    "0": 0.2646793968177993,
    "1": 0.22069987275832742,
    "2": 0.14086209595376462
}