{
    "accuracy": 0.4900265304117127,
    "f1_macro": 0.4151430769456969,
    "confusion_matrix": [
        [
            6961,
            2144,
            1868
        ],
        [
            2951,
            2157,
            2001
        ],
        [
            848,
            568,
            856
        ]
    ],
    "classification_report": {
        "0": {
            "precision": 0.6469330855018587,
            "recall": 0.634375284789939,
            "f1-score": 0.6405926471264897,
            "support": 10973.0
        },
        "1": {
            "precision": 0.4430067775723968,
            "recall": 0.3034182022788015,
            "f1-score": 0.36016029387209886,
            "support": 7109.0
        },
        "2": {
            "precision": 0.18116402116402117,
            "recall": 0.3767605633802817,
            "f1-score": 0.2446762898385022,
            "support": 2272.0
        },
        "accuracy": 0.4900265304117127,
        "macro avg": {
            "precision": 0.42370129474609214,
            "recall": 0.43818468348300743,
            "f1-score": 0.4151430769456969,
            "support": 20354.0
        },
        "weighted avg": {
            "precision": 0.5237170376858956,
            "recall": 0.4900265304117127,
            "f1-score": 0.4984527452377321,
            "support": 20354.0
        }
    },
    "brier_scores": {
        "0": 0.2646793968177993,
        "1": 0.22069987275832742,
        "2": 0.14086209595376462
    }
}